Parts,Price,Status,Supplier Link,Notes
,,,,
Electronics ,,,,
350W 24V PSU,Owned,,,
Ender 3V2 Bed,Owned,,,
Ender Nema 17 x 2 ,Owned,,,
BTT TMC5160T Plus (no case) x 4,$80.00,,https://www.aliexpress.com/item/1005007805632136.html?spm=a2g0o.productlist.main.23.b88aONiBONiBzc&algo_pvid=de3a336e-5193-4dcf-a299-ab3b5724522b&algo_exp_id=de3a336e-5193-4dcf-a299-ab3b5724522b-18&pdp_ext_f={%22order%22%3A%22972%22%2C%22eval%22%3A%221%22%2C%22orig_sl_item_id%22%3A%221005007805632136%22%2C%22orig_item_id%22%3A%221005007013784064%22%2C%22fromPage%22%3A%22search%22}&pdp_npi=6%40dis!USD!38.89!38.06!!!266.22!260.46!%40211b613917755539149878910ed41c!12000042261921360!sea!RO!6269058475!X!1!0!n_tag%3A-29919%3Bd%3A6fbfa3cb%3Bm03_new_user%3A-29895%3BpisId%3A5000000203421539&curPageLogUid=YRT6Syo2jqKZ&utparam-url=scene%3Asearch|query_from%3A|x_object_id%3A1005007805632136|_p_origin_prod%3A1005007013784064,
BTT TMC2209 x 2,$14.00,,https://www.aliexpress.com/item/33028050145.html?spm=a2g0o.productlist.main.1.d85dsmd9smd9Xo&algo_pvid=d3f5230c-236d-499f-9244-5bbd376803b8&algo_exp_id=d3f5230c-236d-499f-9244-5bbd376803b8-11&pdp_ext_f={%22order%22%3A%223728%22%2C%22spu_best_type%22%3A%22price%22%2C%22eval%22%3A%221%22%2C%22fromPage%22%3A%22search%22}&pdp_npi=6%40dis!USD!9.27!8.82!!!9.27!8.82!%40211b653717755542524432305e5a3c!12000041238691049!sea!RO!6269058475!X!1!0!n_tag%3A-29919%3Bd%3A6fbfa3cb%3Bm03_new_user%3A-29895%3BpisId%3A5000000203430029&curPageLogUid=ziA9pgqQbXmp&utparam-url=scene%3Asearch|query_from%3A|x_object_id%3A33028050145|_p_origin_prod%3A,
BTT Octopus Pro H723 V1.1 ,$56.00,,https://www.aliexpress.com/item/1005003561351349.html?gatewayAdapt=usa2glo4itemAdapt,
350W 48V PSU,$20.00,,https://www.omc-stepperonline.com/lrs-350-48-mean-well-350w-48vdc-7-3a-115-230vac-enclosed-switching-power-supply-lrs-350-48,
17HS19-2504S-H-V1 Steppers,$59.00,,https://www.omc-stepperonline.com/4pcs-nema-17-high-temp-stepper-motor-55ncm-77-93oz-in-55mm-round-shaft-insulation-class-h-180c-4-17hs19-2504s-h-v1,Can get both from one place and save on shipping.
Dragon Ace Volcano PT1000 Hotend,$79.56,,https://trianglelab.net/products/dragon-ace%E2%84%A2-hotend?VariantsId=12007,Already own all the other parts for the toolhead. 
Ace Volcano MZE,$9.80,,https://trianglelab.net/products/mze%E2%84%A2-dlc-v6-melt-zone-extruder,
12mm Cable Sleeve x 5m,$5.20,,https://www.aliexpress.com/item/1005007486025295.html?spm=a2g0o.productlist.main.2.2d4eoNuIoNuIdi&algo_pvid=7396c154-7d0c-4581-b00b-060f475a9c49&algo_exp_id=7396c154-7d0c-4581-b00b-060f475a9c49-1&pdp_ext_f={%22order%22%3A%2215525%22%2C%22spu_best_type%22%3A%22price%22%2C%22eval%22%3A%221%22%2C%22fromPage%22%3A%22search%22}&pdp_npi=6%40dis!USD!7.41!6.81!!!49.99!45.96!%402103963717798993108151585e3519!12000040967243961!sea!RO!6269058475!X!1!0!n_tag%3A-29919%3Bd%3A6fbfa3cb%3Bm03_new_user%3A-29895%3BpisId%3A5000000207667627&curPageLogUid=pBnRZK9wvyL1&utparam-url=scene%3Asearch|query_from%3A|x_object_id%3A1005007486025295|_p_origin_prod%3A,
2 Pin 22 AWG Wire x 10m,$4.80,,https://www.aliexpress.com/i/1005009088168543.html,For extending the fan wires. 
Stepper Cables 1m x5 ,$5.15,,https://www.aliexpress.com/i/1005005598759940.html#nav-specification,
X endstop ,Owned,,,
Y endstop,Owned,,,
Z endstop (probe),Need to buy,,,Will get out of pocket most likely. 
,,,,
Motion,,,,
Rails,$87.00,,BST,Have to email them to place an order.
Gates 2GT 9mm Belt x 2 m,$7.20,,https://trianglelab.net/products/2gt?VariantsId=10440,tp
Gates 2GT 6mm Belt x 4 m,$9.70,,https://trianglelab.net/products/2gt?VariantsId=10435,
2GT 9mm 20T Pulley x 6,$12.20,,https://trianglelab.net/products/9mm-20-teeth-aluminum-timing-pulley-belt-pulley?VariantsId=12338," 6 not 4 because I have two liveshaft idlers, and each uses up 2 pulleys. "
2GT 6mm 20T Pullley x 6,$10.77,,https://trianglelab.net/products/black-2gt-20t-6mm-p5?VariantsId=12350,
F695 2RS Bearings,$10.50,,https://www.aliexpress.com/item/33001186278.html?spm=a2g0o.productlist.main.2.708b245b4jbnEi&algo_pvid=01970188-0036-4083-8e6a-52a91bb4d96b&algo_exp_id=01970188-0036-4083-8e6a-52a91bb4d96b-35&pdp_ext_f={%22order%22%3A%221111%22%2C%22eval%22%3A%221%22%2C%22fromPage%22%3A%22search%22}&pdp_npi=6%40dis!USD!10.53!10.37!!!10.53!10.37!%40211b61a417720421762716758e3262!12000033329781256!sea!RO!6269058475!X!1!0!n_tag%3A-29919%3Bd%3A6fbfa3cb%3Bm03_new_user%3A-29895&curPageLogUid=UipmDn4eOVH1&utparam-url=scene%3Asearch|query_from%3A|x_object_id%3A33001186278|_p_origin_prod%3A,"Raindew, seen them recommended in Monolith along with Fushi."
5 x 50mm Round Shaft,$7,,https://www.aliexpress.com/item/1005007023343232.html?spm=a2g0o.productlist.main.1.20de2d59k5LT9b&algo_pvid=3bf1e0ad-7cc3-416d-bfca-0798569dff6f&algo_exp_id=3bf1e0ad-7cc3-416d-bfca-0798569dff6f-15&pdp_ext_f={%22order%22%3A%228797%22%2C%22spu_best_type%22%3A%22price%22%2C%22eval%22%3A%221%22%2C%22fromPage%22%3A%22search%22}&pdp_npi=6%40dis!USD!5.05!4.92!!!34.59!33.69!%40211b6a7a17731733089061754e9735!12000039112864818!sea!RO!6269058475!X!1!0!n_tag%3A-29919%3Bd%3A6fbfa3cb%3Bm03_new_user%3A-29895&curPageLogUid=ryNRkpVfGAih&utparam-url=scene%3Asearch,For the Z idlers and the Y live shaft idlers. I'll just cut one of them in half for the Z ones.
TL 2GT 6mm 20T Idler,$10.50,,https://www.aliexpress.com/item/1005004957508089.html?spm=a2g0o.productlist.main.1.68daOVWwOVWwMB&algo_pvid=1df8abee-80b9-488c-9726-5c3957184dc2&algo_exp_id=1df8abee-80b9-488c-9726-5c3957184dc2-0&pdp_ext_f={%22order%22%3A%22143%22%2C%22eval%22%3A%221%22%2C%22fromPage%22%3A%22search%22}&pdp_npi=6%40dis!USD!7.27!6.93!!!7.27!6.93!%402103890117731417109551340e5717!12000031185339702!sea!RO!6269058475!X!1!0!n_tag%3A-29919%3Bd%3A6fbfa3cb%3Bm03_new_user%3A-29895&curPageLogUid=AjU1eNYeN4h1&utparam-url=scene%3Asearch|query_from%3A|x_object_id%3A1005004957508089|_p_origin_prod%3A#nav-specification,
2GT 6mm 80T + 188mm Belt Set x 2,$11.00,,https://www.aliexpress.com/item/1005008518079953.html?spm=a2g0o.productlist.main.4.353d5fLZ5fLZhr&algo_pvid=2f8ac853-6e00-485d-ab88-833d8551ac61&algo_exp_id=2f8ac853-6e00-485d-ab88-833d8551ac61-47&pdp_ext_f={%22order%22%3A%221893%22%2C%22spu_best_type%22%3A%22price%22%2C%22eval%22%3A%221%22%2C%22fromPage%22%3A%22search%22}&pdp_npi=6%40dis!USD!5.47!5.47!!!5.47!5.47!%40211b61ae17798989990575724ee06c!12000045528009919!sea!RO!6269058475!X!1!0!n_tag%3A-29919%3Bd%3A6fbfa3cb%3Bm03_new_user%3A-29895&curPageLogUid=nnHxXq42CUGz&utparam-url=scene%3Asearch|query_from%3A|x_object_id%3A1005008518079953|_p_origin_prod%3A,
PTFE Tube x 1m (red),$2.00,,https://trianglelab.net/products/19x4mm-id19mm-od4mm-ptfe-tube-teflonto-for-175mm-filament?VariantsId=12398,
,,,,
Frame/Fasteners ,,,,
350mm 2020 Extrusion,$9.00,,https://www.aliexpress.com/item/1005001604693930.html?spm=a2g0o.productlist.main.1.184125ecpsJ0G4&algo_pvid=9e87023f-0812-4378-b9cf-77ff7e55a953&algo_exp_id=9e87023f-0812-4378-b9cf-77ff7e55a953-0&pdp_ext_f={%22order%22%3A%223101%22%2C%22spu_best_type%22%3A%22price%22%2C%22eval%22%3A%221%22%2C%22fromPage%22%3A%22search%22}&pdp_npi=6%40dis!USD!10.19!10.19!!!10.19!10.19!%40211b815c17732130187698937ed714!12000028149915430!sea!RO!6269058475!X!1!0!n_tag%3A-29919%3Bd%3A6fbfa3cb%3Bm03_new_user%3A-29895&curPageLogUid=M0tw1ai2K7Qq&utparam-url=scene%3Asearch,
Ender 3V2 Neo Frame,Owned,,,
M3 5 x 4mm Heat inserts x 100,$9.20,,https://www.aliexpress.com/item/4000232858343.html?aff_fcid=5d787d6cbc2047a7b81f69d555df0904-1773166960543-00355-_DlZqLZF&tt=CPS_NORMAL&aff_fsk=_DlZqLZF&aff_platform=shareComponent-detail&sk=_DlZqLZF&aff_trace_key=5d787d6cbc2047a7b81f69d555df0904-1773166960543-00355-_DlZqLZF&terminal_id=963d070319ae43e988aba376b6cb1b1f&afSmartRedirect=y,
M3 x 6mm Countersunk x 100,$8.00,,https://www.aliexpress.com/i/32968616563.html,Ebox
M3 x 8mm Countersunk x 50,$4.00,,https://www.aliexpress.com/i/32968616563.html,"Ebox - Only need about 10-20, but these are the cheapest I could find. "
M3 x 40mm Countersunk x 50,$5.80,,https://www.aliexpress.com/i/32968616563.html,"Again, 50 pieces seem to be about the same price as 10. "
M5 x 10mm Buttonhead x 40,$8.10,,https://www.aliexpress.com/item/4000038065691.html?spm=a2g0o.productlist.main.10.45dcvq2Kvq2KSc&algo_pvid=d27a6437-73dc-434e-b02c-b66e6b8e4c1d&algo_exp_id=d27a6437-73dc-434e-b02c-b66e6b8e4c1d-3&pdp_ext_f={%22order%22%3A%224745%22%2C%22eval%22%3A%221%22%2C%22fromPage%22%3A%22search%22}&pdp_npi=6%40dis!USD!3.82!3.51!!!3.82!3.51!%40211b430817798979341774656ea1c2!12000024672899097!sea!RO!6269058475!X!1!0!n_tag%3A-29919%3Bd%3A6fbfa3cb%3Bm03_new_user%3A-29895%3BpisId%3A5000000207667627&curPageLogUid=Cr3bxbkHbX0Q&utparam-url=scene%3Asearch|query_from%3A|x_object_id%3A4000038065691|_p_origin_prod%3A," Mainly Y-axis, also Z drives. "
M5 x 8mm Buttonhead x 20,$4.00,,https://www.aliexpress.com/item/4000038065691.html?spm=a2g0o.productlist.main.10.45dcvq2Kvq2KSc&algo_pvid=d27a6437-73dc-434e-b02c-b66e6b8e4c1d&algo_exp_id=d27a6437-73dc-434e-b02c-b66e6b8e4c1d-3&pdp_ext_f={%22order%22%3A%224745%22%2C%22eval%22%3A%221%22%2C%22fromPage%22%3A%22search%22}&pdp_npi=6%40dis!USD!3.82!3.51!!!3.82!3.51!%40211b430817798979341774656ea1c2!12000024672899097!sea!RO!6269058475!X!1!0!n_tag%3A-29919%3Bd%3A6fbfa3cb%3Bm03_new_user%3A-29895%3BpisId%3A5000000207667627&curPageLogUid=Cr3bxbkHbX0Q&utparam-url=scene%3Asearch|query_from%3A|x_object_id%3A4000038065691|_p_origin_prod%3A,
M5 x 40mm Buttonhead x 20,$5.50,,https://www.aliexpress.com/item/4000038065691.html?spm=a2g0o.productlist.main.10.45dcvq2Kvq2KSc&algo_pvid=d27a6437-73dc-434e-b02c-b66e6b8e4c1d&algo_exp_id=d27a6437-73dc-434e-b02c-b66e6b8e4c1d-3&pdp_ext_f={%22order%22%3A%224745%22%2C%22eval%22%3A%221%22%2C%22fromPage%22%3A%22search%22}&pdp_npi=6%40dis!USD!3.82!3.51!!!3.82!3.51!%40211b430817798979341774656ea1c2!12000024672899097!sea!RO!6269058475!X!1!0!n_tag%3A-29919%3Bd%3A6fbfa3cb%3Bm03_new_user%3A-29895%3BpisId%3A5000000207667627&curPageLogUid=Cr3bxbkHbX0Q&utparam-url=scene%3Asearch|query_from%3A|x_object_id%3A4000038065691|_p_origin_prod%3A,
Square M3 T-Nuts x 100,$10.50,,https://www.aliexpress.com/item/1005003009013919.html?aff_fcid=4fa27105639d4b87979e7ea593add0b8-1773166888898-00139-_DczMbOX&tt=CPS_NORMAL&aff_fsk=_DczMbOX&aff_platform=shareComponent-detail&sk=_DczMbOX&aff_trace_key=4fa27105639d4b87979e7ea593add0b8-1773166888898-00139-_DczMbOX&terminal_id=963d070319ae43e988aba376b6cb1b1f&afSmartRedirect=y,
Drop-in M5 T-Nuts x 50,$6.30,,https://www.aliexpress.com/item/1005003023734101.html?aff_fcid=5b9e28e9b6ba4c40a32110a03999ff9b-1773166864367-03183-_DD6UlRR&tt=CPS_NORMAL&aff_fsk=_DD6UlRR&aff_platform=shareComponent-detail&sk=_DD6UlRR&aff_trace_key=5b9e28e9b6ba4c40a32110a03999ff9b-1773166864367-03183-_DD6UlRR&terminal_id=963d070319ae43e988aba376b6cb1b1f&afSmartRedirect=y,
Drop-in M3 T-Nuts x 20,$3.60,,https://www.aliexpress.com/item/1005003023734101.html?aff_fcid=5b9e28e9b6ba4c40a32110a03999ff9b-1773166864367-03183-_DD6UlRR&tt=CPS_NORMAL&aff_fsk=_DD6UlRR&aff_platform=shareComponent-detail&sk=_DD6UlRR&aff_trace_key=5b9e28e9b6ba4c40a32110a03999ff9b-1773166864367-03183-_DD6UlRR&terminal_id=963d070319ae43e988aba376b6cb1b1f&afSmartRedirect=y##,
Black Polycarbonate Sheet x 3mm,Owned,,https://www.dedeman.ro/ro/placa-hobbycolor-negru-1000-x-500-x-3-mm/p/6022128,For ebox panels.
Transparent Polycarbonate Sheet x 4mm,Owned,,https://www.dedeman.ro/ro/placa-hobbyglas-transparent-500-x-250-x-4-mm/p/6019004,Fo ebox door.
,,,,
Filament ,,,,
Devil Design Orange ASA,$29,,https://www.diverso.ro/filamente/filament-devil-design-asa-portocaliu-deschis-bright-orange-1kg.html,
Torofil Turbofil Black ASA x 2,$44,,https://toro3d.eu/shop/?product=torofil-turbo-asa-black,Need more for the frame + any failed parts.
Shipping,,,,
,$15,,OMC-Stepperonline,
,$15,,Triangle Labs,
,$14,,Toro3D,
,$24,,BST,
,,,,
Total:,678.38,,,